Model,Target,Mean_Accuracy,Std_Accuracy,Mean_AUC,Fold1_Accuracy,Fold2_Accuracy,Fold3_Accuracy,Fold4_Accuracy,Fold5_Accuracy
SVM,Mammaprint_type,0.7923809523809523,0.03956681538636379,0.6808080808080809,0.8,0.7333333333333333,0.8571428571428571,0.7857142857142857,0.7857142857142857
Logistic Regression,Mammaprint_type,0.7942857142857143,0.09171581860955043,0.6641414141414141,0.6666666666666666,0.7333333333333333,0.9285714285714286,0.7857142857142857,0.8571428571428571
SVM,GHI_RS_Score,0.6504761904761905,0.15284453293188321,0.661734693877551,0.8,0.6666666666666666,0.7142857142857143,0.35714285714285715,0.7142857142857143
Logistic Regression,GHI_RS_Score,0.5514285714285714,0.13926922979375936,0.628061224489796,0.8,0.6,0.5,0.42857142857142855,0.42857142857142855
